[
  {
    "id": "0f61a6c2-41db-4fa8-929d-c4030f511281",
    "data": [
      {
        "text": "Pepsi",
        "userDefined": false
      }
    ],
    "isTemplate": false,
    "count": 0,
    "lang": "en",
    "updated": 0
  },
  {
    "id": "46b5fd8a-6431-463b-a9e1-7e68618dee4b",
    "data": [
      {
        "text": "Coke",
        "userDefined": false
      }
    ],
    "isTemplate": false,
    "count": 0,
    "lang": "en",
    "updated": 0
  },
  {
    "id": "a05927c4-b131-4bba-8050-cbc2eed42b1d",
    "data": [
      {
        "text": "Punjabi",
        "meta": "@sys.ignore",
        "userDefined": false
      },
      {
        "text": " meals",
        "userDefined": false
      }
    ],
    "isTemplate": false,
    "count": 0,
    "lang": "en",
    "updated": 0
  },
  {
    "id": "80c6ac38-faeb-4da5-9640-2301eb049365",
    "data": [
      {
        "text": "North Indian",
        "userDefined": false
      }
    ],
    "isTemplate": false,
    "count": 0,
    "lang": "en",
    "updated": 0
  },
  {
    "id": "d04c6738-4a3b-442b-89fd-30653b3d3964",
    "data": [
      {
        "text": "South Indian",
        "userDefined": false
      }
    ],
    "isTemplate": false,
    "count": 0,
    "lang": "en",
    "updated": 0
  },
  {
    "id": "51a69461-688a-43fb-ba98-27ccd3d002d5",
    "data": [
      {
        "text": "Biryani",
        "userDefined": false
      }
    ],
    "isTemplate": false,
    "count": 0,
    "lang": "en",
    "updated": 0
  },
  {
    "id": "80022165-b5f9-4c56-b43f-bb09f428a964",
    "data": [
      {
        "text": "Chapati",
        "userDefined": false
      }
    ],
    "isTemplate": false,
    "count": 0,
    "lang": "en",
    "updated": 0
  }
]